benchmark,num_vars,gr1_real,gr1_states,gr1_path,altl_real,altl_states,altl_path,agr1_real,agr1_states,agr1_path
amba_ahb_w_guar_fairness_amba_ahb_1,16,UNKNOWN,,experiments/automata/gr1mine/amba_ahb_w_guar_fairness_amba_ahb_1.txt,,,,,,
amba_ahb_w_guar_trans_amba_ahb_1,16,UNKNOWN,,experiments/automata/gr1mine/amba_ahb_w_guar_trans_amba_ahb_1.txt,,,,,,
amba_ahb_wo_ass_fairness_amba_ahb_1,16,REALIZABLE,14,experiments/automata/gr1mine/amba_ahb_wo_ass_fairness_amba_ahb_1.txt,,,,,,
amba_ahb_w_guar_fairness_amba_ahb_2,22,UNKNOWN,,experiments/automata/gr1mine/amba_ahb_w_guar_fairness_amba_ahb_2.txt,,,,,,
amba_ahb_w_guar_trans_amba_ahb_2,22,UNKNOWN,,experiments/automata/gr1mine/amba_ahb_w_guar_trans_amba_ahb_2.txt,,,,,,
amba_ahb_wo_ass_fairness_amba_ahb_2,22,UNKNOWN,,experiments/automata/gr1mine/amba_ahb_wo_ass_fairness_amba_ahb_2.txt,,,,,,
specs_A2woef1,22,REALIZABLE,65,experiments/automata/gr1mine/specs_A2woef1.txt,,,,,,
specs_A2wsf1,22,UNKNOWN,,experiments/automata/gr1mine/specs_A2wsf1.txt,,,,,,
specs_A2wsf2,22,UNKNOWN,,experiments/automata/gr1mine/specs_A2wsf2.txt,,,,,,
specs_A2wst1,22,UNKNOWN,,experiments/automata/gr1mine/specs_A2wst1.txt,,,,,,
specs_A2wst2,22,UNKNOWN,,experiments/automata/gr1mine/specs_A2wst2.txt,,,,,,
gen_buf_w_guar_fairness_5_genbuf,24,REALIZABLE,11,experiments/automata/gr1mine/gen_buf_w_guar_fairness_5_genbuf.txt,UNREALIZABLE,,experiments/automata/atlas_ltl/gen_buf_w_guar_fairness_5_genbuf.hoa,REALIZABLE,9,experiments/automata/atlas_gr1/gen_buf_w_guar_fairness_5_genbuf.txt
gen_buf_w_guar_trans_5_genbuf,24,REALIZABLE,9,experiments/automata/gr1mine/gen_buf_w_guar_trans_5_genbuf.txt,UNREALIZABLE,,experiments/automata/atlas_ltl/gen_buf_w_guar_trans_5_genbuf.hoa,REALIZABLE,11,experiments/automata/atlas_gr1/gen_buf_w_guar_trans_5_genbuf.txt
gen_buf_wo_ass_fairness_5_genbuf,24,REALIZABLE,11,experiments/automata/gr1mine/gen_buf_wo_ass_fairness_5_genbuf.txt,REALIZABLE,1,experiments/automata/atlas_ltl/gen_buf_wo_ass_fairness_5_genbuf.hoa,,,
specs_G5woef1,24,REALIZABLE,11,experiments/automata/gr1mine/specs_G5woef1.txt,REALIZABLE,1,experiments/automata/atlas_ltl/specs_G5woef1.hoa,,,
specs_G5wsf1,24,REALIZABLE,7,experiments/automata/gr1mine/specs_G5wsf1.txt,REALIZABLE,1,experiments/automata/atlas_ltl/specs_G5wsf1.hoa,,,
specs_G5wsf2,24,REALIZABLE,12,experiments/automata/gr1mine/specs_G5wsf2.txt,REALIZABLE,1,experiments/automata/atlas_ltl/specs_G5wsf2.hoa,REALIZABLE,11,experiments/automata/atlas_gr1/specs_G5wsf2.txt
specs_G5wst1,24,REALIZABLE,12,experiments/automata/gr1mine/specs_G5wst1.txt,REALIZABLE,1,experiments/automata/atlas_ltl/specs_G5wst1.hoa,REALIZABLE,11,experiments/automata/atlas_gr1/specs_G5wst1.txt
specs_G5wst2,24,REALIZABLE,12,experiments/automata/gr1mine/specs_G5wst2.txt,REALIZABLE,1,experiments/automata/atlas_ltl/specs_G5wst2.hoa,REALIZABLE,9,experiments/automata/atlas_gr1/specs_G5wst2.txt
amba_ahb_w_guar_fairness_amba_ahb_3,28,REALIZABLE,11,experiments/automata/gr1mine/amba_ahb_w_guar_fairness_amba_ahb_3.txt,REALIZABLE,1,experiments/automata/atlas_ltl/amba_ahb_w_guar_fairness_amba_ahb_3.hoa,REALIZABLE,14,experiments/automata/atlas_gr1/amba_ahb_w_guar_fairness_amba_ahb_3.txt
amba_ahb_w_guar_trans_amba_ahb_3,28,REALIZABLE,8,experiments/automata/gr1mine/amba_ahb_w_guar_trans_amba_ahb_3.txt,,,,,,
amba_ahb_wo_ass_fairness_amba_ahb_3,28,REALIZABLE,8,experiments/automata/gr1mine/amba_ahb_wo_ass_fairness_amba_ahb_3.txt,REALIZABLE,1,experiments/automata/atlas_ltl/amba_ahb_wo_ass_fairness_amba_ahb_3.hoa,,,
amba_ahb_w_guar_fairness_amba_ahb_4,34,REALIZABLE,8,experiments/automata/gr1mine/amba_ahb_w_guar_fairness_amba_ahb_4.txt,REALIZABLE,1,experiments/automata/atlas_ltl/amba_ahb_w_guar_fairness_amba_ahb_4.hoa,REALIZABLE,8,experiments/automata/atlas_gr1/amba_ahb_w_guar_fairness_amba_ahb_4.txt
amba_ahb_w_guar_trans_amba_ahb_4,34,REALIZABLE,11,experiments/automata/gr1mine/amba_ahb_w_guar_trans_amba_ahb_4.txt,REALIZABLE,1,experiments/automata/atlas_ltl/amba_ahb_w_guar_trans_amba_ahb_4.hoa,REALIZABLE,23,experiments/automata/atlas_gr1/amba_ahb_w_guar_trans_amba_ahb_4.txt
amba_ahb_wo_ass_fairness_amba_ahb_4,34,REALIZABLE,11,experiments/automata/gr1mine/amba_ahb_wo_ass_fairness_amba_ahb_4.txt,UNREALIZABLE,,experiments/automata/atlas_ltl/amba_ahb_wo_ass_fairness_amba_ahb_4.hoa,,,
specs_A4woef1,34,REALIZABLE,27,experiments/automata/gr1mine/specs_A4woef1.txt,REALIZABLE,1,experiments/automata/atlas_ltl/specs_A4woef1.hoa,REALIZABLE,23,experiments/automata/atlas_gr1/specs_A4woef1.txt
specs_A4wsf1,34,REALIZABLE,8,experiments/automata/gr1mine/specs_A4wsf1.txt,REALIZABLE,1,experiments/automata/atlas_ltl/specs_A4wsf1.hoa,REALIZABLE,8,experiments/automata/atlas_gr1/specs_A4wsf1.txt
specs_A4wsf2,34,REALIZABLE,15,experiments/automata/gr1mine/specs_A4wsf2.txt,REALIZABLE,1,experiments/automata/atlas_ltl/specs_A4wsf2.hoa,REALIZABLE,9,experiments/automata/atlas_gr1/specs_A4wsf2.txt
specs_A4wst1,34,REALIZABLE,26,experiments/automata/gr1mine/specs_A4wst1.txt,REALIZABLE,1,experiments/automata/atlas_ltl/specs_A4wst1.hoa,REALIZABLE,14,experiments/automata/atlas_gr1/specs_A4wst1.txt
specs_A4wst2,34,REALIZABLE,8,experiments/automata/gr1mine/specs_A4wst2.txt,REALIZABLE,1,experiments/automata/atlas_ltl/specs_A4wst2.hoa,REALIZABLE,8,experiments/automata/atlas_gr1/specs_A4wst2.txt
gen_buf_w_guar_fairness_10_genbuf,35,REALIZABLE,11,experiments/automata/gr1mine/gen_buf_w_guar_fairness_10_genbuf.txt,UNREALIZABLE,,experiments/automata/atlas_ltl/gen_buf_w_guar_fairness_10_genbuf.hoa,,,
gen_buf_w_guar_trans_10_genbuf,35,REALIZABLE,8,experiments/automata/gr1mine/gen_buf_w_guar_trans_10_genbuf.txt,REALIZABLE,1,experiments/automata/atlas_ltl/gen_buf_w_guar_trans_10_genbuf.hoa,REALIZABLE,8,experiments/automata/atlas_gr1/gen_buf_w_guar_trans_10_genbuf.txt
gen_buf_wo_ass_fairness_10_genbuf,35,REALIZABLE,8,experiments/automata/gr1mine/gen_buf_wo_ass_fairness_10_genbuf.txt,REALIZABLE,1,experiments/automata/atlas_ltl/gen_buf_wo_ass_fairness_10_genbuf.hoa,REALIZABLE,9,experiments/automata/atlas_gr1/gen_buf_wo_ass_fairness_10_genbuf.txt
amba_ahb_w_guar_fairness_amba_ahb_5,40,REALIZABLE,8,experiments/automata/gr1mine/amba_ahb_w_guar_fairness_amba_ahb_5.txt,REALIZABLE,1,experiments/automata/atlas_ltl/amba_ahb_w_guar_fairness_amba_ahb_5.hoa,REALIZABLE,8,experiments/automata/atlas_gr1/amba_ahb_w_guar_fairness_amba_ahb_5.txt
amba_ahb_w_guar_trans_amba_ahb_5,40,REALIZABLE,22,experiments/automata/gr1mine/amba_ahb_w_guar_trans_amba_ahb_5.txt,REALIZABLE,1,experiments/automata/atlas_ltl/amba_ahb_w_guar_trans_amba_ahb_5.hoa,REALIZABLE,13,experiments/automata/atlas_gr1/amba_ahb_w_guar_trans_amba_ahb_5.txt
amba_ahb_wo_ass_fairness_amba_ahb_5,40,REALIZABLE,8,experiments/automata/gr1mine/amba_ahb_wo_ass_fairness_amba_ahb_5.txt,REALIZABLE,1,experiments/automata/atlas_ltl/amba_ahb_wo_ass_fairness_amba_ahb_5.hoa,REALIZABLE,8,experiments/automata/atlas_gr1/amba_ahb_wo_ass_fairness_amba_ahb_5.txt
specs_A5woef1,40,REALIZABLE,12,experiments/automata/gr1mine/specs_A5woef1.txt,REALIZABLE,1,experiments/automata/atlas_ltl/specs_A5woef1.hoa,REALIZABLE,11,experiments/automata/atlas_gr1/specs_A5woef1.txt
specs_A5wsf1,40,REALIZABLE,8,experiments/automata/gr1mine/specs_A5wsf1.txt,REALIZABLE,1,experiments/automata/atlas_ltl/specs_A5wsf1.hoa,REALIZABLE,8,experiments/automata/atlas_gr1/specs_A5wsf1.txt
specs_A5wsf2,40,UNREALIZABLE,,experiments/automata/gr1mine/specs_A5wsf2.txt,UNREALIZABLE,,experiments/automata/atlas_ltl/specs_A5wsf2.hoa,REALIZABLE,11,experiments/automata/atlas_gr1/specs_A5wsf2.txt
specs_A5wst1,40,REALIZABLE,13,experiments/automata/gr1mine/specs_A5wst1.txt,REALIZABLE,1,experiments/automata/atlas_ltl/specs_A5wst1.hoa,REALIZABLE,8,experiments/automata/atlas_gr1/specs_A5wst1.txt
specs_A5wst2,40,REALIZABLE,8,experiments/automata/gr1mine/specs_A5wst2.txt,REALIZABLE,1,experiments/automata/atlas_ltl/specs_A5wst2.hoa,REALIZABLE,8,experiments/automata/atlas_gr1/specs_A5wst2.txt
gen_buf_w_guar_fairness_20_genbuf,56,,,,UNREALIZABLE,,experiments/automata/atlas_ltl/gen_buf_w_guar_fairness_20_genbuf.hoa,,,
gen_buf_w_guar_trans_20_genbuf,56,REALIZABLE,8,experiments/automata/gr1mine/gen_buf_w_guar_trans_20_genbuf.txt,REALIZABLE,1,experiments/automata/atlas_ltl/gen_buf_w_guar_trans_20_genbuf.hoa,,,
gen_buf_wo_ass_fairness_20_genbuf,56,,,,,,,,,
specs_G20woef1,56,REALIZABLE,10,experiments/automata/gr1mine/specs_G20woef1.txt,REALIZABLE,1,experiments/automata/atlas_ltl/specs_G20woef1.hoa,,,
specs_G20wsf1,56,REALIZABLE,12,experiments/automata/gr1mine/specs_G20wsf1.txt,UNREALIZABLE,,experiments/automata/atlas_ltl/specs_G20wsf1.hoa,,,
specs_G20wsf2,56,REALIZABLE,8,experiments/automata/gr1mine/specs_G20wsf2.txt,REALIZABLE,1,experiments/automata/atlas_ltl/specs_G20wsf2.hoa,REALIZABLE,8,experiments/automata/atlas_gr1/specs_G20wsf2.txt
specs_G20wst1,56,REALIZABLE,8,experiments/automata/gr1mine/specs_G20wst1.txt,REALIZABLE,1,experiments/automata/atlas_ltl/specs_G20wst1.hoa,REALIZABLE,8,experiments/automata/atlas_gr1/specs_G20wst1.txt
specs_G20wst2,56,REALIZABLE,12,experiments/automata/gr1mine/specs_G20wst2.txt,,,,,,
gen_buf_w_guar_fairness_30_genbuf,76,REALIZABLE,7,experiments/automata/gr1mine/gen_buf_w_guar_fairness_30_genbuf.txt,,,,,,
gen_buf_w_guar_trans_30_genbuf,76,REALIZABLE,12,experiments/automata/gr1mine/gen_buf_w_guar_trans_30_genbuf.txt,REALIZABLE,1,experiments/automata/atlas_ltl/gen_buf_w_guar_trans_30_genbuf.hoa,,,
gen_buf_wo_ass_fairness_30_genbuf,76,REALIZABLE,8,experiments/automata/gr1mine/gen_buf_wo_ass_fairness_30_genbuf.txt,REALIZABLE,1,experiments/automata/atlas_ltl/gen_buf_wo_ass_fairness_30_genbuf.hoa,,,
gen_buf_w_guar_fairness_40_genbuf,97,REALIZABLE,22,experiments/automata/gr1mine/gen_buf_w_guar_fairness_40_genbuf.txt,,,,,,
gen_buf_w_guar_trans_40_genbuf,97,REALIZABLE,8,experiments/automata/gr1mine/gen_buf_w_guar_trans_40_genbuf.txt,,,,,,
gen_buf_wo_ass_fairness_40_genbuf,97,REALIZABLE,14,experiments/automata/gr1mine/gen_buf_wo_ass_fairness_40_genbuf.txt,,,,,,
specs_G100woef1,218,REALIZABLE,12,experiments/automata/gr1mine/specs_G100woef1.txt,,,,,,
specs_G100wsf1,218,REALIZABLE,8,experiments/automata/gr1mine/specs_G100wsf1.txt,,,,,,
specs_G100wsf2,218,REALIZABLE,8,experiments/automata/gr1mine/specs_G100wsf2.txt,,,,,,
specs_G100wst1,218,REALIZABLE,8,experiments/automata/gr1mine/specs_G100wst1.txt,,,,,,
specs_G100wst2,218,REALIZABLE,27,experiments/automata/gr1mine/specs_G100wst2.txt,,,,,,
